provincia,departamento,Jardines,Poblacion Jardin,Primarios,Poblacion Primaria,Secundarios,Poblacion Secundaria,SNU,Poblacion Adultos
Buenos Aires,General Pueyrredón,229.0,41427.0,169.0,62565.0,179.0,57730.0,46.0,498847.0
Buenos Aires,General San Martín,128.0,28038.0,96.0,44539.0,105.0,39634.0,22.0,332292.0
Buenos Aires,Campana,63.0,8120.0,42.0,12587.0,46.0,10846.0,8.0,76423.0
Buenos Aires,Villarino,38.0,2586.0,35.0,3677.0,17.0,3288.0,2.0,23001.0
Buenos Aires,Carlos Tejedor,27.0,1107.0,19.0,1557.0,11.0,1266.0,3.0,10077.0
Buenos Aires,General Villegas,39.0,2797.0,32.0,4006.0,18.0,3428.0,3.0,24824.0
Buenos Aires,Rivadavia,19.0,1734.0,20.0,2317.0,12.0,1873.0,1.0,13811.0
Buenos Aires,Olavarría,86.0,8554.0,73.0,13055.0,46.0,11526.0,13.0,88876.0
Buenos Aires,Esteban Echeverría,80.0,27670.0,71.0,41112.0,74.0,34241.0,2.0,234857.0
Buenos Aires,Tigre,150.0,32611.0,111.0,51961.0,117.0,45401.0,6.0,316318.0
Buenos Aires,Exaltación de la Cruz,22.0,3424.0,21.0,4920.0,16.0,3860.0,2.0,27832.0
Buenos Aires,Maipú,14.0,861.0,12.0,1234.0,5.0,995.0,1.0,8163.0
Buenos Aires,Laprida,20.0,901.0,16.0,1366.0,7.0,1152.0,1.0,8077.0
Buenos Aires,Castelli,13.0,760.0,17.0,1013.0,3.0,904.0,2.0,6874.0
Buenos Aires,Escobar,88.0,21900.0,75.0,31983.0,81.0,25714.0,6.0,176474.0
Buenos Aires,Bahía Blanca,124.0,22621.0,94.0,33944.0,87.0,28746.0,30.0,249194.0
Buenos Aires,Capitán Sarmiento,17.0,1180.0,12.0,1713.0,7.0,1441.0,1.0,11548.0
Buenos Aires,Azul,57.0,5390.0,55.0,8219.0,31.0,7066.0,7.0,54477.0
Buenos Aires,Patagones,35.0,2857.0,30.0,4262.0,18.0,3335.0,2.0,27045.0
Buenos Aires,Las Flores,24.0,1982.0,39.0,2771.0,14.0,2543.0,1.0,19840.0
Buenos Aires,Tres Arroyos,52.0,4260.0,43.0,6392.0,26.0,5392.0,3.0,45845.0
Buenos Aires,San Fernando,87.0,11498.0,55.0,17900.0,52.0,15461.0,5.0,126240.0
Buenos Aires,Luján,69.0,8352.0,49.0,12341.0,40.0,10388.0,10.0,79030.0
Buenos Aires,General La Madrid,21.0,866.0,16.0,1263.0,11.0,980.0,1.0,8426.0
Buenos Aires,Ayacucho,26.0,1699.0,36.0,2442.0,14.0,2150.0,2.0,15466.0
Buenos Aires,Dolores,20.0,2569.0,22.0,3369.0,11.0,2998.0,4.0,22469.0
Buenos Aires,Punta Indio,16.0,936.0,14.0,1384.0,7.0,1047.0,1.0,8794.0
Buenos Aires,Cañuelas,34.0,6225.0,38.0,9538.0,33.0,7497.0,1.0,47282.0
Buenos Aires,San Antonio de Areco,34.0,2120.0,18.0,2873.0,12.0,2569.0,4.0,19133.0
Buenos Aires,Rojas,31.0,1851.0,23.0,2724.0,11.0,2362.0,1.0,18682.0
Buenos Aires,Colón,22.0,2014.0,16.0,2851.0,12.0,2561.0,1.0,19980.0
Buenos Aires,Rauch,22.0,1197.0,24.0,1761.0,10.0,1519.0,1.0,12014.0
Buenos Aires,Marcos Paz,29.0,5973.0,24.0,8477.0,21.0,7148.0,0.0,43163.0
Buenos Aires,Arrecifes,29.0,2644.0,20.0,3542.0,12.0,2961.0,1.0,22930.0
Buenos Aires,San Pedro,41.0,5781.0,42.0,8283.0,27.0,7113.0,7.0,47176.0
Buenos Aires,Tres de Febrero,140.0,21166.0,87.0,33616.0,88.0,30170.0,14.0,277367.0
Buenos Aires,Leandro N. Alem,20.0,1361.0,15.0,1838.0,9.0,1700.0,1.0,12254.0
Buenos Aires,Florencio Varela,102.0,44663.0,98.0,64455.0,108.0,52426.0,7.0,326559.0
Buenos Aires,Chacabuco,44.0,3518.0,37.0,5344.0,21.0,4811.0,6.0,38736.0
Buenos Aires,Coronel de Marina Leonardo Rosales,28.0,4705.0,27.0,7353.0,23.0,6424.0,8.0,47341.0
Buenos Aires,San Cayetano,10.0,615.0,10.0,865.0,4.0,747.0,1.0,6691.0
Buenos Aires,Alberti,18.0,904.0,13.0,1378.0,8.0,1198.0,1.0,9426.0
Buenos Aires,Monte Hermoso,8.0,596.0,3.0,942.0,4.0,782.0,1.0,6124.0
Buenos Aires,Junín,61.0,7543.0,46.0,10433.0,37.0,8728.0,9.0,74260.0
Buenos Aires,José C. Paz,57.0,29597.0,62.0,42316.0,66.0,34014.0,4.0,220600.0
Buenos Aires,Trenque Lauquen,57.0,4016.0,46.0,5326.0,21.0,4442.0,2.0,35344.0
Buenos Aires,Magdalena,30.0,1935.0,23.0,2768.0,18.0,2260.0,3.0,15690.0
Buenos Aires,Benito Juárez,18.0,1608.0,13.0,2277.0,14.0,2015.0,2.0,15285.0
Buenos Aires,Almirante Brown,156.0,43762.0,137.0,67913.0,153.0,58227.0,9.0,413307.0
Buenos Aires,Adolfo Gonzales Chaves,24.0,950.0,16.0,1401.0,12.0,1170.0,1.0,9326.0
Buenos Aires,Mar Chiquita,29.0,2519.0,26.0,3622.0,13.0,3044.0,2.0,23788.0
Buenos Aires,San Isidro,142.0,17057.0,90.0,26323.0,93.0,25052.0,18.0,227546.0
Buenos Aires,Tordillo,6.0,244.0,5.0,298.0,1.0,231.0,0.0,1755.0
Buenos Aires,Navarro,29.0,1501.0,30.0,2341.0,11.0,2082.0,2.0,13964.0
Buenos Aires,General Pinto,15.0,1104.0,13.0,1321.0,8.0,1175.0,1.0,9242.0
Buenos Aires,La Costa,34.0,7455.0,25.0,11364.0,23.0,10072.0,3.0,71509.0
Buenos Aires,Baradero,39.0,3225.0,27.0,4372.0,22.0,3818.0,3.0,27808.0
Buenos Aires,General Guido,7.0,236.0,14.0,338.0,4.0,304.0,0.0,2279.0
Buenos Aires,Villa Gesell,15.0,2583.0,12.0,4267.0,14.0,3801.0,4.0,26674.0
Buenos Aires,Presidente Perón,22.0,10170.0,19.0,14476.0,18.0,11730.0,3.0,65618.0
Buenos Aires,Tornquist,27.0,997.0,20.0,1549.0,14.0,1238.0,1.0,10807.0
Buenos Aires,Lobería,34.0,1302.0,32.0,1865.0,12.0,1638.0,1.0,13301.0
Buenos Aires,San Miguel,102.0,24752.0,92.0,37035.0,100.0,30653.0,16.0,235210.0
Buenos Aires,Carmen de Areco,30.0,1443.0,19.0,1927.0,11.0,1709.0,1.0,12266.0
Buenos Aires,Monte,25.0,1922.0,18.0,3031.0,12.0,2380.0,1.0,17283.0
Buenos Aires,Brandsen,24.0,2588.0,22.0,3997.0,20.0,3510.0,1.0,22255.0
Buenos Aires,Balcarce,47.0,3638.0,38.0,5070.0,22.0,4268.0,4.0,35540.0
Buenos Aires,Coronel Pringles,32.0,1890.0,24.0,2791.0,13.0,2166.0,1.0,17263.0
Buenos Aires,General Paz,19.0,1095.0,25.0,1705.0,7.0,1390.0,1.0,9951.0
Buenos Aires,La Matanza,378.0,157034.0,333.0,225872.0,352.0,181212.0,25.0,1273050.0
Buenos Aires,Chascomús,33.0,3167.0,38.0,4976.0,21.0,4223.0,6.0,29825.0
Buenos Aires,Tandil,89.0,9785.0,60.0,14723.0,48.0,12884.0,15.0,107286.0
Buenos Aires,San Andrés de Giles,44.0,2151.0,29.0,3031.0,18.0,2583.0,2.0,18634.0
Buenos Aires,San Nicolás,66.0,12727.0,56.0,17845.0,57.0,15225.0,18.0,120860.0
Buenos Aires,San Vicente,31.0,9859.0,30.0,14032.0,24.0,10952.0,4.0,63086.0
Buenos Aires,La Plata,274.0,52075.0,199.0,77998.0,219.0,67326.0,64.0,558675.0
Buenos Aires,Bolívar,47.0,2830.0,37.0,3857.0,17.0,3206.0,4.0,27301.0
Buenos Aires,General Juan Madariaga,30.0,1548.0,23.0,2637.0,13.0,2375.0,4.0,16006.0
Buenos Aires,Daireaux,23.0,1395.0,20.0,1986.0,12.0,1828.0,1.0,13119.0
Buenos Aires,Avellaneda,152.0,22784.0,93.0,37082.0,88.0,32476.0,21.0,273775.0
Buenos Aires,Tapalqué,22.0,873.0,22.0,1125.0,6.0,1059.0,1.0,7638.0
Buenos Aires,Adolfo Alsina,29.0,1292.0,23.0,1697.0,14.0,1437.0,2.0,12918.0
Buenos Aires,Guaminí,27.0,822.0,18.0,1189.0,11.0,1063.0,1.0,8588.0
Buenos Aires,General Alvear,18.0,758.0,26.0,1137.0,8.0,912.0,2.0,7343.0
Buenos Aires,Pellegrini,11.0,662.0,6.0,831.0,4.0,610.0,1.0,5009.0
Buenos Aires,Florentino Ameghino,13.0,876.0,9.0,1275.0,9.0,1107.0,1.0,7501.0
Buenos Aires,Salliqueló,10.0,653.0,5.0,963.0,5.0,846.0,1.0,6882.0
Buenos Aires,9 de Julio,49.0,3963.0,38.0,5830.0,23.0,4999.0,3.0,37574.0
Buenos Aires,General Viamonte,25.0,1801.0,19.0,2538.0,13.0,2039.0,1.0,16152.0
Buenos Aires,Chivilcoy,56.0,4906.0,50.0,7181.0,24.0,6479.0,5.0,51988.0
Buenos Aires,Merlo,114.0,48007.0,120.0,71541.0,129.0,59718.0,17.0,402218.0
Buenos Aires,Lincoln,53.0,3480.0,41.0,4674.0,22.0,4080.0,4.0,32957.0
Buenos Aires,Morón,150.0,18044.0,90.0,28780.0,93.0,26584.0,23.0,256109.0
Buenos Aires,Bragado,28.0,3360.0,22.0,4807.0,19.0,4203.0,1.0,33857.0
Buenos Aires,Pilar,132.0,34493.0,109.0,49944.0,105.0,41528.0,14.0,267649.0
Buenos Aires,Puán,25.0,1067.0,18.0,1459.0,16.0,1232.0,2.0,12704.0
Buenos Aires,Necochea,62.0,6914.0,51.0,10545.0,40.0,9347.0,6.0,74677.0
Buenos Aires,Hipólito Yrigoyen,9.0,789.0,8.0,1110.0,7.0,965.0,1.0,7717.0
Buenos Aires,Suipacha,22.0,981.0,14.0,1328.0,7.0,1257.0,0.0,8170.0
Buenos Aires,General Belgrano,20.0,1618.0,16.0,2272.0,11.0,1893.0,2.0,14891.0
Buenos Aires,Roque Pérez,29.0,1104.0,25.0,1572.0,7.0,1316.0,1.0,9909.0
Buenos Aires,Salto,30.0,3175.0,20.0,4405.0,16.0,3794.0,1.0,27883.0
Buenos Aires,General Alvarado,30.0,3570.0,20.0,4822.0,23.0,4254.0,4.0,32661.0
Buenos Aires,Quilmes,203.0,47353.0,146.0,70881.0,163.0,60085.0,18.0,453455.0
Buenos Aires,Malvinas Argentinas,85.0,25943.0,81.0,40319.0,89.0,34959.0,3.0,248180.0
Buenos Aires,Pergamino,77.0,8676.0,56.0,12264.0,44.0,10389.0,7.0,83659.0
Buenos Aires,Vicente López,150.0,14893.0,76.0,22610.0,74.0,21312.0,18.0,221726.0
Buenos Aires,Lanús,146.0,28133.0,116.0,44506.0,124.0,39855.0,19.0,347587.0
Buenos Aires,Lobos,49.0,3294.0,35.0,4668.0,18.0,4035.0,2.0,29421.0
Buenos Aires,Berisso,26.0,7704.0,28.0,11779.0,29.0,9722.0,4.0,71480.0
Buenos Aires,General Lavalle,13.0,419.0,9.0,636.0,3.0,493.0,1.0,3298.0
Buenos Aires,Ituzaingó,63.0,10707.0,45.0,17692.0,52.0,16004.0,12.0,133580.0
Buenos Aires,Pehuajó,36.0,3474.0,34.0,4827.0,21.0,4284.0,5.0,32009.0
Buenos Aires,Mercedes,46.0,5457.0,41.0,7882.0,29.0,6753.0,7.0,50910.0
Buenos Aires,Lomas de Zamora,201.0,50825.0,178.0,76967.0,205.0,65257.0,34.0,492595.0
Buenos Aires,Ezeiza,63.0,17155.0,44.0,25615.0,48.0,21089.0,6.0,134761.0
Buenos Aires,Ensenada,28.0,4917.0,18.0,7776.0,19.0,6660.0,5.0,44625.0
Buenos Aires,Coronel Dorrego,30.0,1131.0,20.0,1609.0,14.0,1418.0,2.0,11637.0
Buenos Aires,Carlos Casares,34.0,1731.0,23.0,2491.0,17.0,2110.0,2.0,16573.0
Buenos Aires,General Rodríguez,46.0,14137.0,33.0,20970.0,34.0,15698.0,5.0,91510.0
Buenos Aires,Saladillo,37.0,2716.0,37.0,3785.0,16.0,3339.0,4.0,25583.0
Buenos Aires,General Las Heras,27.0,1466.0,16.0,2054.0,7.0,1823.0,1.0,12637.0
Buenos Aires,Tres Lomas,12.0,682.0,7.0,989.0,6.0,831.0,1.0,6588.0
Buenos Aires,Zárate,57.0,9976.0,45.0,15431.0,43.0,13300.0,9.0,92708.0
Buenos Aires,Lezama,6.0,443.0,11.0,639.0,3.0,570.0,1.0,4518.0
Buenos Aires,General Arenales,20.0,1212.0,11.0,1535.0,11.0,1404.0,1.0,12080.0
Buenos Aires,Pinamar,16.0,3043.0,10.0,4519.0,10.0,3979.0,5.0,27683.0
Buenos Aires,Pila,13.0,408.0,15.0,592.0,2.0,441.0,1.0,3174.0
Buenos Aires,Hurlingham,60.0,11620.0,46.0,18866.0,53.0,16751.0,7.0,138124.0
Buenos Aires,25 de Mayo,63.0,2706.0,47.0,3733.0,19.0,3238.0,3.0,25734.0
Buenos Aires,Coronel Suárez,54.0,2881.0,34.0,4418.0,24.0,3537.0,3.0,30877.0
Buenos Aires,Berazategui,120.0,25806.0,92.0,41462.0,104.0,35467.0,12.0,255593.0
Buenos Aires,Saavedra,27.0,1436.0,18.0,2109.0,12.0,1799.0,1.0,16063.0
Buenos Aires,Moreno,127.0,50791.0,134.0,76357.0,143.0,60359.0,13.0,388251.0
Buenos Aires,Ramallo,16.0,3451.0,24.0,4707.0,13.0,4088.0,3.0,27402.0
CABA,Comuna 6,71.0,9182.0,46.0,13889.0,32.0,12281.0,17.0,166412.0
CABA,Comuna 4,98.0,13843.0,84.0,22520.0,46.0,18869.0,12.0,171792.0
CABA,Comuna 2,65.0,6616.0,35.0,8758.0,26.0,9155.0,27.0,136080.0
CABA,Comuna 10,88.0,8255.0,60.0,13286.0,30.0,12254.0,7.0,138101.0
CABA,Comuna 1,72.0,12219.0,52.0,17398.0,41.0,14659.0,94.0,176725.0
CABA,Comuna 7,94.0,10782.0,67.0,17292.0,35.0,15351.0,15.0,169837.0
CABA,Comuna 8,85.0,14568.0,55.0,23918.0,32.0,20127.0,12.0,145275.0
CABA,Comuna 9,80.0,8573.0,64.0,14531.0,33.0,13545.0,10.0,131259.0
CABA,Comuna 13,131.0,12057.0,76.0,17774.0,56.0,16311.0,22.0,216188.0
CABA,Comuna 15,73.0,9388.0,57.0,14068.0,26.0,12311.0,13.0,159498.0
CABA,Comuna 14,117.0,10915.0,60.0,14539.0,45.0,13329.0,33.0,208469.0
CABA,Comuna 5,56.0,8448.0,41.0,13029.0,28.0,11616.0,36.0,159356.0
CABA,Comuna 12,112.0,11942.0,72.0,17210.0,42.0,14615.0,9.0,191597.0
CABA,Comuna 11,102.0,9308.0,71.0,14922.0,34.0,13918.0,9.0,163757.0
CABA,Comuna 3,67.0,9218.0,53.0,13857.0,39.0,12322.0,51.0,158140.0
Catamarca,Pomán,14.0,988.0,20.0,1480.0,13.0,1321.0,1.0,8430.0
Catamarca,Ancasti,9.0,243.0,28.0,334.0,5.0,322.0,0.0,2383.0
Catamarca,Capayán,26.0,1697.0,29.0,2244.0,14.0,2043.0,4.0,13487.0
Catamarca,La Paz,28.0,2352.0,51.0,3146.0,19.0,2844.0,3.0,17999.0
Catamarca,El Alto,19.0,394.0,27.0,517.0,10.0,485.0,0.0,2979.0
Catamarca,Fray Mamerto Esquiú,10.0,1207.0,10.0,1651.0,8.0,1397.0,1.0,10369.0
Catamarca,Capital,51.0,14250.0,46.0,20132.0,50.0,17544.0,15.0,134540.0
Catamarca,Andalgalá,17.0,1535.0,26.0,2037.0,17.0,2051.0,1.0,13922.0
Catamarca,Santa Rosa,7.0,1154.0,25.0,1476.0,11.0,1361.0,2.0,9326.0
Catamarca,Belén,43.0,2482.0,57.0,3513.0,28.0,3350.0,4.0,21008.0
Catamarca,Antofagasta de la Sierra,4.0,142.0,5.0,241.0,2.0,174.0,1.0,1265.0
Catamarca,Paclín,15.0,317.0,13.0,512.0,7.0,450.0,1.0,3417.0
Catamarca,Santa María,27.0,2179.0,37.0,2998.0,29.0,2619.0,2.0,19026.0
Catamarca,Ambato,12.0,374.0,18.0,439.0,5.0,401.0,0.0,3873.0
Catamarca,Tinogasta,30.0,2024.0,39.0,2784.0,21.0,2684.0,2.0,17762.0
Catamarca,Valle Viejo,15.0,2667.0,18.0,3862.0,13.0,3346.0,1.0,24076.0
Chaco,Independencia,16.0,2318.0,28.0,3020.0,6.0,2776.0,3.0,13834.0
Chaco,Bermejo,27.0,2560.0,31.0,3431.0,13.0,2793.0,8.0,19276.0
Chaco,Mayor Luis J. Fontana,40.0,5880.0,47.0,7600.0,21.0,5872.0,7.0,40446.0
Chaco,San Fernando,217.0,31821.0,140.0,45514.0,113.0,36791.0,68.0,299638.0
Chaco,Comandante Fernández,54.0,8579.0,67.0,12218.0,35.0,10680.0,13.0,69609.0
Chaco,Libertador General San Martín,58.0,6514.0,100.0,8406.0,31.0,6903.0,17.0,43481.0
Chaco,General Belgrano,6.0,1411.0,13.0,1698.0,5.0,1470.0,1.0,8228.0
Chaco,9 de Julio,26.0,2987.0,44.0,3572.0,11.0,3053.0,1.0,20611.0
Chaco,Almirante Brown,36.0,4089.0,62.0,5089.0,18.0,4604.0,5.0,24012.0
Chaco,O'Higgins,28.0,2090.0,34.0,3018.0,10.0,2575.0,4.0,13861.0
Chaco,1° de Mayo,9.0,1291.0,12.0,1810.0,7.0,1262.0,0.0,9831.0
Chaco,Quitilipi,32.0,3168.0,54.0,3819.0,15.0,3539.0,4.0,21904.0
Chaco,2 de Abril,8.0,745.0,17.0,895.0,5.0,768.0,1.0,5902.0
Chaco,Presidencia de la Plaza,11.0,1353.0,16.0,1853.0,5.0,1510.0,1.0,9222.0
Chaco,Tapenagá,5.0,394.0,10.0,505.0,5.0,442.0,3.0,2710.0
Chaco,Maipú,26.0,2701.0,57.0,3468.0,13.0,2776.0,7.0,17409.0
Chaco,25 de Mayo,22.0,3301.0,40.0,4543.0,11.0,3788.0,2.0,20974.0
Chaco,Sargento Cabral,14.0,1769.0,29.0,2286.0,7.0,1912.0,5.0,12729.0
Chaco,12 de Octubre,24.0,2262.0,31.0,2851.0,15.0,2323.0,2.0,15743.0
Chaco,Libertad,13.0,1282.0,12.0,1682.0,6.0,1357.0,3.0,9454.0
Chaco,General Güemes,101.0,6921.0,235.0,9486.0,69.0,7565.0,27.0,44457.0
Chaco,Fray Justo Santa María de Oro,15.0,968.0,19.0,1305.0,8.0,1039.0,2.0,7331.0
Chaco,San Lorenzo,15.0,1707.0,31.0,2119.0,5.0,1694.0,1.0,10525.0
Chaco,Chacabuco,26.0,3114.0,34.0,4114.0,13.0,3194.0,7.0,24071.0
Chaco,General Donovan,13.0,1285.0,16.0,1794.0,7.0,1513.0,5.0,10469.0
Chubut,Tehuelches,4.0,464.0,5.0,754.0,5.0,546.0,1.0,4183.0
Chubut,Florentino Ameghino,1.0,175.0,1.0,221.0,2.0,157.0,0.0,1229.0
Chubut,Biedma,45.0,8111.0,27.0,12244.0,22.0,10407.0,6.0,72044.0
Chubut,Cushamen,28.0,2022.0,26.0,3216.0,22.0,2710.0,5.0,20151.0
Chubut,Gastre,5.0,83.0,5.0,108.0,5.0,97.0,0.0,893.0
Chubut,Paso de Indios,3.0,137.0,3.0,191.0,3.0,147.0,0.0,1407.0
Chubut,Río Senguer,9.0,565.0,9.0,746.0,9.0,517.0,2.0,4519.0
Chubut,Escalante,97.0,16668.0,62.0,25207.0,54.0,20255.0,16.0,152699.0
Chubut,Rawson,88.0,10491.0,49.0,15641.0,36.0,13427.0,16.0,104861.0
Chubut,Futaleufú,36.0,3522.0,28.0,5702.0,23.0,4656.0,6.0,36085.0
Chubut,Telsen,3.0,117.0,4.0,167.0,4.0,151.0,0.0,1173.0
Chubut,Mártires,1.0,64.0,2.0,74.0,1.0,54.0,0.0,552.0
Chubut,Languiñeo,6.0,236.0,5.0,297.0,6.0,269.0,0.0,2060.0
Chubut,Sarmiento,11.0,1344.0,8.0,1995.0,5.0,1510.0,2.0,9628.0
Chubut,Gaiman,12.0,998.0,9.0,1396.0,11.0,1244.0,0.0,8867.0
Cordoba,Santa María,70.0,12002.0,70.0,16655.0,53.0,13320.0,4.0,97035.0
Cordoba,Río Cuarto,142.0,21670.0,155.0,28900.0,110.0,24194.0,22.0,203215.0
Cordoba,General Roca,29.0,2905.0,35.0,3828.0,21.0,3338.0,3.0,25993.0
Cordoba,Cruz del Eje,73.0,5650.0,82.0,7539.0,30.0,6409.0,13.0,45150.0
Cordoba,San Alberto,49.0,3328.0,54.0,4666.0,28.0,3958.0,3.0,30077.0
Cordoba,Pocho,21.0,377.0,28.0,472.0,7.0,471.0,0.0,3750.0
Cordoba,Calamuchita,54.0,5902.0,67.0,8474.0,35.0,7104.0,5.0,53982.0
Cordoba,Capital,460.0,105777.0,411.0,149261.0,336.0,132716.0,120.0,1110306.0
Cordoba,Juárez Celman,48.0,5605.0,55.0,7504.0,35.0,6295.0,5.0,48913.0
Cordoba,Río Primero,63.0,5303.0,74.0,6664.0,35.0,5637.0,6.0,40577.0
Cordoba,Tercero Arriba,66.0,9114.0,70.0,12660.0,49.0,10615.0,13.0,87818.0
Cordoba,Ischilín,37.0,3125.0,41.0,4159.0,12.0,3859.0,4.0,24880.0
Cordoba,San Javier,49.0,4809.0,52.0,7043.0,22.0,5838.0,10.0,45010.0
Cordoba,Colón,97.0,24253.0,97.0,34951.0,84.0,29481.0,17.0,205826.0
Cordoba,Minas,21.0,371.0,25.0,499.0,10.0,454.0,0.0,3531.0
Cordoba,Tulumba,33.0,1158.0,42.0,1454.0,11.0,1262.0,2.0,10218.0
Cordoba,Sobremonte,9.0,345.0,14.0,468.0,4.0,474.0,1.0,3094.0
Cordoba,Unión,90.0,8748.0,98.0,12013.0,57.0,10336.0,19.0,82538.0
Cordoba,Punilla,78.0,15214.0,82.0,22996.0,65.0,19945.0,16.0,161339.0
Cordoba,San Justo,158.0,17737.0,172.0,24255.0,104.0,21387.0,23.0,165572.0
Cordoba,General San Martín,82.0,12494.0,80.0,16719.0,43.0,13699.0,19.0,109485.0
Cordoba,Río Segundo,64.0,8823.0,73.0,12120.0,57.0,10358.0,10.0,82010.0
Cordoba,Presidente Roque Sáenz Peña,33.0,2907.0,33.0,4130.0,19.0,3526.0,4.0,26988.0
Cordoba,Río Seco,29.0,1324.0,37.0,1890.0,9.0,1619.0,2.0,10442.0
Cordoba,Marcos Juárez,69.0,7791.0,82.0,10712.0,46.0,9015.0,18.0,79768.0
Cordoba,Totoral,25.0,1943.0,35.0,2627.0,15.0,2260.0,1.0,15643.0
Corrientes,Lavalle,38.0,4432.0,39.0,5545.0,16.0,4384.0,5.0,26045.0
Corrientes,San Roque,24.0,2171.0,28.0,2726.0,10.0,2356.0,7.0,15429.0
Corrientes,Concepción,27.0,2791.0,34.0,3721.0,9.0,3145.0,2.0,16613.0
Corrientes,Goya,83.0,9035.0,95.0,12729.0,38.0,11020.0,5.0,73439.0
Corrientes,Curuzú Cuatiá,44.0,4649.0,51.0,6209.0,22.0,5270.0,3.0,35361.0
Corrientes,General Alvear,10.0,873.0,12.0,1086.0,5.0,936.0,1.0,6156.0
Corrientes,San Martín,17.0,1512.0,25.0,1980.0,11.0,1694.0,4.0,9978.0
Corrientes,Paso de los Libres,33.0,5442.0,35.0,7451.0,16.0,6405.0,3.0,37480.0
Corrientes,San Luis del Palmar,40.0,1862.0,44.0,2392.0,12.0,2129.0,3.0,14998.0
Corrientes,Sauce,14.0,922.0,18.0,1251.0,6.0,1114.0,2.0,7095.0
Corrientes,Santo Tomé,50.0,6984.0,49.0,9454.0,26.0,7725.0,7.0,47759.0
Corrientes,General Paz,29.0,1425.0,32.0,1916.0,14.0,1636.0,5.0,12039.0
Corrientes,Ituzaingó,29.0,3816.0,34.0,4878.0,17.0,4073.0,5.0,26000.0
Corrientes,Bella Vista,38.0,4397.0,37.0,5598.0,15.0,4349.0,2.0,30025.0
Corrientes,Mercedes,39.0,4965.0,39.0,6120.0,16.0,4682.0,2.0,34040.0
Corrientes,Empedrado,27.0,1574.0,39.0,2041.0,10.0,1795.0,1.0,12538.0
Corrientes,Esquina,50.0,3662.0,58.0,4809.0,19.0,4256.0,3.0,26441.0
Corrientes,Monte Caseros,32.0,4116.0,39.0,5486.0,19.0,4434.0,5.0,31566.0
Corrientes,Capital,177.0,35160.0,95.0,47808.0,79.0,40759.0,32.0,313719.0
Corrientes,Saladas,28.0,2703.0,28.0,3566.0,12.0,3134.0,5.0,19723.0
Corrientes,San Miguel,15.0,1287.0,17.0,1758.0,7.0,1480.0,4.0,8175.0
Corrientes,Itatí,12.0,1136.0,13.0,1491.0,7.0,1164.0,2.0,8155.0
Corrientes,Mburucuyá,13.0,1002.0,17.0,1317.0,6.0,1230.0,1.0,7992.0
Corrientes,Berón de Astrada,3.0,231.0,5.0,301.0,2.0,288.0,2.0,1988.0
Corrientes,San Cosme,22.0,1633.0,22.0,2191.0,8.0,1708.0,6.0,14147.0
Entre Rios,San Salvador,21.0,1743.0,19.0,2487.0,9.0,2170.0,3.0,14386.0
Entre Rios,Feliciano,28.0,1461.0,30.0,2002.0,12.0,1752.0,1.0,11502.0
Entre Rios,Islas del Ibicuy,25.0,1271.0,25.0,1790.0,13.0,1491.0,2.0,9432.0
Entre Rios,La Paz,85.0,6549.0,97.0,9094.0,39.0,7510.0,5.0,52118.0
Entre Rios,Tala,39.0,2477.0,47.0,3601.0,18.0,2963.0,5.0,22050.0
Entre Rios,Paraná,251.0,27975.0,225.0,40780.0,162.0,34203.0,34.0,285758.0
Entre Rios,Federal,53.0,2629.0,56.0,3327.0,20.0,2784.0,2.0,20696.0
Entre Rios,Uruguay,93.0,8632.0,96.0,12543.0,59.0,10989.0,3.0,83352.0
Entre Rios,Victoria,50.0,3123.0,46.0,4259.0,31.0,3629.0,9.0,29290.0
Entre Rios,Federación,66.0,6876.0,76.0,9326.0,35.0,7362.0,2.0,54700.0
Entre Rios,Nogoyá,78.0,3364.0,90.0,4731.0,31.0,3961.0,5.0,30898.0
Entre Rios,Gualeguaychú,114.0,9410.0,111.0,13745.0,53.0,11683.0,12.0,90338.0
Entre Rios,Concordia,114.0,17901.0,90.0,24910.0,61.0,19760.0,12.0,135032.0
Entre Rios,Gualeguay,49.0,4529.0,56.0,6359.0,25.0,5287.0,9.0,40621.0
Entre Rios,Colón,57.0,5907.0,53.0,8095.0,31.0,6808.0,3.0,54080.0
Entre Rios,Villaguay,80.0,4679.0,93.0,6258.0,28.0,5445.0,5.0,38902.0
Entre Rios,Diamante,61.0,3847.0,56.0,5216.0,30.0,4404.0,8.0,38845.0
Formosa,Laishi,21.0,1725.0,23.0,2496.0,19.0,2230.0,6.0,12824.0
Formosa,Matacos,15.0,1918.0,25.0,2539.0,12.0,2024.0,1.0,10536.0
Formosa,Pirané,72.0,6830.0,100.0,9417.0,76.0,7940.0,6.0,48373.0
Formosa,Ramón Lista,34.0,2421.0,59.0,3239.0,15.0,2578.0,2.0,9440.0
Formosa,Bermejo,47.0,1763.0,60.0,2371.0,25.0,1864.0,1.0,9602.0
Formosa,Patiño,105.0,8070.0,131.0,11476.0,78.0,8864.0,10.0,53190.0
Formosa,Pilcomayo,73.0,8934.0,60.0,11883.0,48.0,9453.0,8.0,63846.0
Formosa,Pilagás,27.0,1864.0,34.0,2530.0,24.0,2118.0,2.0,12577.0
Formosa,Formosa,112.0,21127.0,89.0,30764.0,70.0,26381.0,25.0,190300.0
Jujuy,Palpalá,23.0,4800.0,22.0,7650.0,15.0,6532.0,3.0,46540.0
Jujuy,Valle Grande,6.0,194.0,8.0,332.0,7.0,273.0,0.0,1691.0
Jujuy,Susques,9.0,439.0,10.0,604.0,9.0,483.0,1.0,2440.0
Jujuy,Yavi,38.0,2367.0,36.0,3247.0,10.0,2798.0,3.0,17419.0
Jujuy,Rinconada,12.0,170.0,13.0,292.0,6.0,187.0,0.0,1148.0
Jujuy,Tilcara,16.0,1063.0,18.0,1787.0,10.0,1565.0,1.0,10206.0
Jujuy,Humahuaca,33.0,1752.0,35.0,2892.0,22.0,2366.0,3.0,13867.0
Jujuy,Tumbaya,15.0,375.0,15.0,631.0,7.0,468.0,0.0,3824.0
Jujuy,Cochinoca,28.0,1322.0,32.0,2002.0,13.0,1782.0,1.0,9892.0
Jujuy,Ledesma,32.0,8147.0,27.0,11518.0,20.0,9498.0,9.0,64969.0
Jujuy,Santa Catalina,15.0,282.0,16.0,350.0,10.0,304.0,0.0,1705.0
Jujuy,Santa Bárbara,15.0,1905.0,15.0,2848.0,13.0,2152.0,1.0,13592.0
Jujuy,Dr. Manuel Belgrano,132.0,23048.0,87.0,36369.0,72.0,29775.0,36.0,230277.0
Jujuy,El Carmen,48.0,11018.0,42.0,15576.0,32.0,12999.0,6.0,82666.0
Jujuy,San Antonio,6.0,539.0,6.0,820.0,2.0,617.0,0.0,4753.0
Jujuy,San Pedro,50.0,7205.0,41.0,10745.0,31.0,8540.0,7.0,61747.0
La Pampa,Conhelo,10.0,1023.0,10.0,1567.0,11.0,1227.0,2.0,11277.0
La Pampa,Guatraché,5.0,690.0,7.0,894.0,7.0,827.0,1.0,6986.0
La Pampa,Caleu Caleu,2.0,194.0,3.0,325.0,1.0,283.0,0.0,1809.0
La Pampa,Chalileo,1.0,201.0,2.0,354.0,2.0,270.0,1.0,2043.0
La Pampa,Lihuel Calel,1.0,39.0,1.0,52.0,1.0,44.0,0.0,293.0
La Pampa,Maracó,26.0,5292.0,25.0,7633.0,24.0,6334.0,3.0,49808.0
La Pampa,Hucal,5.0,486.0,5.0,693.0,5.0,617.0,1.0,5917.0
La Pampa,Trenel,4.0,435.0,4.0,580.0,4.0,495.0,0.0,4127.0
La Pampa,Rancul,10.0,853.0,11.0,1281.0,10.0,1164.0,0.0,7792.0
La Pampa,Realicó,9.0,1232.0,12.0,1924.0,13.0,1672.0,0.0,12528.0
La Pampa,Chical Co,3.0,110.0,3.0,180.0,2.0,163.0,0.0,1008.0
La Pampa,Toay,7.0,1540.0,7.0,2436.0,4.0,1773.0,1.0,12178.0
La Pampa,Utracán,12.0,1321.0,14.0,2084.0,12.0,1668.0,1.0,12613.0
La Pampa,Atreucó,8.0,769.0,8.0,1146.0,7.0,1002.0,2.0,8136.0
La Pampa,Loventué,6.0,647.0,7.0,993.0,9.0,858.0,1.0,6745.0
La Pampa,Curacó,2.0,99.0,2.0,125.0,2.0,90.0,0.0,789.0
La Pampa,Puelén,8.0,1095.0,8.0,1576.0,7.0,1178.0,0.0,7787.0
La Pampa,Catriló,5.0,648.0,6.0,1019.0,4.0,794.0,0.0,5764.0
La Pampa,Quemú Quemú,5.0,600.0,7.0,825.0,5.0,807.0,1.0,6172.0
La Pampa,Chapaleufú,9.0,960.0,9.0,1353.0,10.0,1136.0,0.0,8828.0
La Pampa,Limay Mahuida,2.0,33.0,2.0,46.0,1.0,24.0,0.0,310.0
La Pampa,Capital,74.0,8258.0,42.0,12927.0,39.0,10902.0,9.0,86417.0
La Rioja,Chilecito,34.0,4579.0,31.0,7038.0,25.0,6402.0,5.0,40662.0
La Rioja,Chamical,13.0,1307.0,24.0,1589.0,17.0,1472.0,2.0,11262.0
La Rioja,Arauco,15.0,1353.0,13.0,1915.0,10.0,1593.0,2.0,11390.0
La Rioja,Vinchina,6.0,224.0,7.0,294.0,5.0,257.0,1.0,1920.0
La Rioja,Independencia,8.0,209.0,10.0,291.0,8.0,257.0,1.0,1642.0
La Rioja,Castro Barros,6.0,409.0,7.0,626.0,5.0,511.0,1.0,4264.0
La Rioja,San Blas de Los Sauces,6.0,345.0,7.0,501.0,4.0,422.0,1.0,3038.0
La Rioja,General Ortiz de Ocampo,9.0,567.0,29.0,765.0,7.0,696.0,3.0,5319.0
La Rioja,Famatina,13.0,479.0,14.0,757.0,6.0,711.0,3.0,5037.0
La Rioja,Capital,99.0,15697.0,84.0,23293.0,49.0,20533.0,9.0,150984.0
La Rioja,Ángel Vicente Peñaloza,10.0,255.0,16.0,392.0,10.0,296.0,1.0,2241.0
La Rioja,Rosario Vera Peñaloza,21.0,1310.0,34.0,1900.0,22.0,1616.0,7.0,10938.0
La Rioja,Sanagasta,1.0,230.0,1.0,361.0,1.0,270.0,0.0,2133.0
La Rioja,General Juan Facundo Quiroga,19.0,337.0,25.0,406.0,19.0,417.0,2.0,2853.0
La Rioja,General Lamadrid,2.0,158.0,2.0,191.0,2.0,187.0,1.0,1349.0
La Rioja,General San Martín,14.0,394.0,23.0,643.0,17.0,550.0,1.0,3430.0
La Rioja,General Belgrano,17.0,621.0,20.0,784.0,17.0,728.0,3.0,5482.0
La Rioja,General Felipe Varela,16.0,829.0,18.0,1249.0,6.0,1001.0,2.0,8292.0
Mendoza,Junín,40.0,3662.0,28.0,5299.0,14.0,4319.0,5.0,33192.0
Mendoza,Maipú,85.0,18163.0,69.0,26442.0,40.0,21528.0,12.0,152754.0
Mendoza,Las Heras,81.0,19700.0,55.0,28992.0,33.0,23685.0,8.0,161462.0
Mendoza,Luján de Cuyo,66.0,13914.0,56.0,20822.0,29.0,17463.0,14.0,119684.0
Mendoza,San Carlos,45.0,3475.0,30.0,5109.0,15.0,4018.0,3.0,27150.0
Mendoza,Godoy Cruz,92.0,13392.0,67.0,19838.0,38.0,16701.0,16.0,144626.0
Mendoza,Capital,80.0,8283.0,62.0,11563.0,69.0,9394.0,37.0,94475.0
Mendoza,San Rafael,162.0,17237.0,130.0,24756.0,71.0,19958.0,15.0,151253.0
Mendoza,San Martín,82.0,11642.0,62.0,17257.0,30.0,13262.0,6.0,97245.0
Mendoza,Lavalle,62.0,4526.0,46.0,6674.0,21.0,5019.0,4.0,30867.0
Mendoza,Malargüe,29.0,2811.0,22.0,4345.0,16.0,3426.0,5.0,22014.0
Mendoza,Guaymallén,109.0,25349.0,87.0,36996.0,51.0,29798.0,11.0,228728.0
Mendoza,Santa Rosa,34.0,1765.0,22.0,2509.0,5.0,1897.0,4.0,13208.0
Mendoza,Rivadavia,43.0,5261.0,31.0,7683.0,12.0,6036.0,5.0,44609.0
Mendoza,Tunuyán,42.0,5158.0,31.0,7833.0,13.0,6153.0,5.0,40828.0
Mendoza,La Paz,13.0,1018.0,11.0,1499.0,5.0,1108.0,1.0,8393.0
Mendoza,General Alvear,56.0,4069.0,43.0,6260.0,16.0,4846.0,7.0,37204.0
Mendoza,Tupungato,25.0,3810.0,22.0,5685.0,12.0,4481.0,2.0,27192.0
Misiones,San Ignacio,71.0,6498.0,79.0,8670.0,46.0,6716.0,9.0,41310.0
Misiones,Libertador General San Martín,59.0,5227.0,63.0,6927.0,35.0,5525.0,8.0,34487.0
Misiones,Eldorado,63.0,8721.0,70.0,12100.0,36.0,9635.0,8.0,60677.0
Misiones,Cainguás,89.0,6425.0,99.0,8762.0,65.0,6766.0,7.0,37922.0
Misiones,Capital,152.0,33142.0,129.0,47460.0,93.0,37696.0,66.0,273200.0
Misiones,Oberá,101.0,11680.0,108.0,16152.0,73.0,12528.0,12.0,80343.0
Misiones,Candelaria,24.0,3758.0,30.0,4979.0,19.0,3937.0,2.0,22271.0
Misiones,San Javier,34.0,2346.0,40.0,3294.0,12.0,2470.0,1.0,14970.0
Misiones,General Manuel Belgrano,70.0,5458.0,87.0,6918.0,55.0,5169.0,5.0,27911.0
Misiones,Concepción,14.0,1087.0,21.0,1384.0,5.0,1152.0,3.0,6680.0
Misiones,Montecarlo,36.0,3674.0,39.0,5313.0,22.0,4258.0,6.0,25375.0
Misiones,San Pedro,49.0,4462.0,79.0,5727.0,39.0,4161.0,4.0,20340.0
Misiones,Guaraní,93.0,8802.0,143.0,11433.0,64.0,8836.0,4.0,48004.0
Misiones,Apóstoles,34.0,5262.0,34.0,6783.0,22.0,5453.0,7.0,33005.0
Misiones,Leandro N. Alem,58.0,4430.0,65.0,6082.0,42.0,4879.0,8.0,34000.0
Misiones,Iguazú,81.0,10641.0,80.0,14290.0,35.0,10929.0,13.0,63978.0
Misiones,25 de Mayo,45.0,3369.0,68.0,4288.0,37.0,3286.0,2.0,19934.0
Neuquen,Confluencia,159.0,34739.0,160.0,52500.0,104.0,42174.0,42.0,337804.0
Neuquen,Ñorquín,11.0,440.0,13.0,646.0,5.0,522.0,0.0,3964.0
Neuquen,Lácar,25.0,2801.0,24.0,4460.0,11.0,3818.0,2.0,28488.0
Neuquen,Huiliches,20.0,1713.0,19.0,2530.0,8.0,1973.0,1.0,14637.0
Neuquen,Aluminé,12.0,878.0,13.0,1208.0,7.0,1021.0,2.0,7066.0
Neuquen,Minas,9.0,737.0,17.0,1061.0,7.0,831.0,1.0,6638.0
Neuquen,Catán Lil,10.0,220.0,12.0,368.0,1.0,258.0,0.0,1795.0
Neuquen,Chos Malal,10.0,1298.0,18.0,2162.0,5.0,1701.0,2.0,13128.0
Neuquen,Los Lagos,9.0,1136.0,9.0,1861.0,7.0,1466.0,2.0,11039.0
Neuquen,Añelo,6.0,1908.0,9.0,2480.0,9.0,1881.0,2.0,11881.0
Neuquen,Zapala,28.0,3426.0,30.0,5480.0,9.0,4533.0,6.0,32101.0
Neuquen,Loncopué,6.0,675.0,11.0,927.0,2.0,729.0,1.0,5365.0
Neuquen,Picunches,9.0,721.0,10.0,1097.0,2.0,793.0,2.0,5860.0
Neuquen,Picún Leufú,5.0,391.0,7.0,631.0,2.0,445.0,0.0,3620.0
Neuquen,Pehuenches,11.0,2678.0,17.0,4093.0,10.0,3242.0,3.0,19708.0
Neuquen,Collón Curá,6.0,360.0,7.0,535.0,1.0,461.0,0.0,3476.0
Rio Negro,Pilcaniyeu,8.0,598.0,13.0,1107.0,5.0,821.0,2.0,6783.0
Rio Negro,Adolfo Alsina,54.0,4517.0,35.0,7124.0,23.0,6046.0,15.0,46158.0
Rio Negro,General Roca,174.0,29296.0,165.0,43425.0,105.0,35515.0,37.0,271391.0
Rio Negro,25 de Mayo,13.0,1353.0,14.0,1877.0,11.0,1607.0,6.0,11718.0
Rio Negro,Avellaneda,24.0,3407.0,29.0,4940.0,17.0,4126.0,8.0,28687.0
Rio Negro,9 de Julio,9.0,274.0,7.0,408.0,6.0,321.0,2.0,2679.0
Rio Negro,Ñorquinco,7.0,113.0,9.0,141.0,3.0,127.0,0.0,1071.0
Rio Negro,Valcheta,6.0,337.0,8.0,457.0,4.0,367.0,1.0,3139.0
Rio Negro,Bariloche,90.0,11266.0,71.0,17315.0,55.0,13885.0,12.0,118977.0
Rio Negro,Pichi Mahuida,9.0,1344.0,10.0,1943.0,6.0,1439.0,1.0,11767.0
Rio Negro,El Cuy,7.0,545.0,9.0,901.0,8.0,675.0,0.0,4839.0
Rio Negro,San Antonio,18.0,2730.0,15.0,4166.0,11.0,3416.0,4.0,25161.0
Rio Negro,Conesa,9.0,605.0,9.0,840.0,3.0,630.0,2.0,5323.0
Salta,Los Andes,9.0,875.0,8.0,1130.0,5.0,923.0,1.0,4254.0
Salta,Cerrillos,23.0,5342.0,18.0,8047.0,11.0,6079.0,1.0,36245.0
Salta,Santa Victoria,38.0,909.0,45.0,1436.0,7.0,1218.0,2.0,5848.0
Salta,Cafayate,11.0,1430.0,10.0,2378.0,9.0,1887.0,5.0,12127.0
Salta,General Güemes,32.0,4858.0,27.0,6917.0,16.0,5526.0,5.0,38445.0
Salta,La Candelaria,6.0,596.0,7.0,904.0,3.0,755.0,1.0,4927.0
Salta,Rosario de la Frontera,35.0,2966.0,33.0,4146.0,13.0,3302.0,4.0,23336.0
Salta,Rosario de Lerma,32.0,4735.0,33.0,6604.0,12.0,5208.0,5.0,34414.0
Salta,Metán,30.0,4326.0,27.0,5695.0,18.0,4488.0,5.0,33519.0
Salta,Cachi,16.0,832.0,16.0,1236.0,6.0,883.0,1.0,5977.0
Salta,La Poma,8.0,167.0,8.0,260.0,2.0,234.0,1.0,1128.0
Salta,Guachipas,7.0,314.0,10.0,403.0,3.0,332.0,1.0,2442.0
Salta,La Caldera,14.0,966.0,9.0,1430.0,3.0,1076.0,0.0,8774.0
Salta,General José de San Martín,107.0,19509.0,108.0,25874.0,56.0,20452.0,10.0,111613.0
Salta,San Carlos,21.0,674.0,21.0,1102.0,7.0,812.0,2.0,5191.0
Salta,Orán,79.0,16651.0,66.0,22746.0,32.0,18047.0,16.0,102271.0
Salta,Iruya,24.0,676.0,26.0,930.0,7.0,785.0,1.0,3725.0
Salta,Rivadavia,100.0,5048.0,104.0,6427.0,22.0,4929.0,3.0,21658.0
Salta,La Viña,8.0,760.0,9.0,1108.0,3.0,909.0,1.0,6111.0
Salta,Chicoana,19.0,2069.0,18.0,3014.0,8.0,2568.0,3.0,17064.0
Salta,Capital,200.0,47812.0,157.0,72054.0,140.0,59245.0,48.0,444892.0
Salta,Anta,57.0,7052.0,57.0,9429.0,29.0,7601.0,6.0,45360.0
Salta,Molinos,14.0,516.0,14.0,837.0,7.0,706.0,1.0,3749.0
San Juan,San Martín,12.0,1586.0,12.0,2165.0,6.0,1718.0,1.0,9568.0
San Juan,Iglesia,11.0,819.0,14.0,1084.0,12.0,908.0,0.0,6015.0
San Juan,Chimbas,21.0,9879.0,26.0,13494.0,19.0,11469.0,0.0,68930.0
San Juan,Jáchal,32.0,2155.0,34.0,2781.0,31.0,2398.0,4.0,17935.0
San Juan,9 de Julio,5.0,1295.0,5.0,1704.0,3.0,1390.0,0.0,8109.0
San Juan,Sarmiento,23.0,2876.0,26.0,3853.0,21.0,3304.0,2.0,17155.0
San Juan,Angaco,12.0,969.0,12.0,1380.0,8.0,1164.0,4.0,6659.0
San Juan,Rawson,37.0,11959.0,49.0,16891.0,26.0,14120.0,1.0,93612.0
San Juan,Albardón,13.0,2958.0,13.0,4253.0,9.0,3543.0,0.0,20527.0
San Juan,Caucete,23.0,4319.0,26.0,5636.0,22.0,5029.0,1.0,29033.0
San Juan,Ullum,2.0,614.0,2.0,864.0,2.0,704.0,2.0,4272.0
San Juan,Santa Lucía,16.0,5620.0,18.0,7756.0,10.0,6279.0,1.0,43042.0
San Juan,Pocito,26.0,7282.0,27.0,10435.0,14.0,8555.0,0.0,46607.0
San Juan,Zonda,2.0,679.0,2.0,881.0,3.0,729.0,0.0,4385.0
San Juan,Rivadavia,35.0,8399.0,35.0,11692.0,19.0,9610.0,3.0,71633.0
San Juan,Calingasta,16.0,1104.0,17.0,1476.0,16.0,1116.0,1.0,6971.0
San Juan,25 de Mayo,22.0,2294.0,22.0,2998.0,18.0,2605.0,0.0,12927.0
San Juan,Valle Fértil,19.0,772.0,21.0,963.0,21.0,801.0,3.0,5889.0
San Juan,Capital,62.0,7849.0,59.0,10619.0,58.0,9248.0,31.0,87133.0
San Luis,Juan Martín de Pueyrredón,107.0,19681.0,110.0,28921.0,118.0,27055.0,12.0,185112.0
San Luis,Gobernador Dupuy,13.0,1283.0,14.0,1708.0,19.0,1593.0,0.0,9750.0
San Luis,Ayacucho,15.0,2003.0,44.0,2770.0,42.0,2471.0,2.0,16409.0
San Luis,Coronel Pringles,12.0,1180.0,23.0,1710.0,29.0,1641.0,0.0,11513.0
San Luis,Junín,21.0,2825.0,31.0,4272.0,38.0,3956.0,2.0,29236.0
San Luis,Belgrano,7.0,444.0,25.0,651.0,27.0,545.0,0.0,3935.0
San Luis,Libertador General San Martín,10.0,327.0,27.0,445.0,34.0,444.0,0.0,3475.0
San Luis,Chacabuco,14.0,1946.0,25.0,2742.0,28.0,2612.0,0.0,19222.0
San Luis,General Pedernera,63.0,11922.0,69.0,17217.0,77.0,15346.0,5.0,104186.0
Santa Cruz,Río Chico,3.0,585.0,4.0,874.0,4.0,653.0,0.0,4159.0
Santa Cruz,Corpen Aike,5.0,1456.0,6.0,1949.0,8.0,1497.0,0.0,10133.0
Santa Cruz,Lago Buenos Aires,4.0,1298.0,5.0,1616.0,6.0,1174.0,0.0,8496.0
Santa Cruz,Deseado,37.0,10716.0,45.0,16156.0,36.0,13468.0,6.0,85926.0
Santa Cruz,Güer Aike,40.0,10573.0,46.0,16392.0,39.0,13731.0,6.0,96613.0
Santa Cruz,Lago Argentino,8.0,2180.0,9.0,3312.0,8.0,2596.0,2.0,17296.0
Santa Cruz,Magallanes,5.0,1110.0,3.0,1739.0,4.0,1324.0,0.0,8655.0
Santa Fe,La Capital,215.0,42937.0,175.0,60178.0,154.0,51318.0,55.0,413826.0
Santa Fe,General Obligado,131.0,17202.0,155.0,22397.0,77.0,19095.0,15.0,138839.0
Santa Fe,Vera,87.0,4985.0,92.0,6546.0,32.0,5536.0,6.0,38396.0
Santa Fe,San Lorenzo,53.0,16356.0,58.0,22850.0,50.0,17689.0,12.0,136891.0
Santa Fe,General López,104.0,14884.0,104.0,20764.0,73.0,17525.0,18.0,147282.0
Santa Fe,Garay,20.0,2349.0,22.0,2920.0,11.0,2238.0,3.0,17346.0
Santa Fe,Caseros,33.0,5966.0,37.0,8294.0,39.0,7108.0,5.0,64893.0
Santa Fe,Castellanos,135.0,15092.0,124.0,20593.0,62.0,17437.0,8.0,136342.0
Santa Fe,9 de Julio,61.0,2720.0,77.0,3636.0,19.0,3285.0,2.0,21301.0
Santa Fe,San Jerónimo,57.0,6707.0,64.0,9086.0,32.0,7615.0,6.0,61209.0
Santa Fe,Belgrano,19.0,3597.0,28.0,4903.0,18.0,4293.0,3.0,35751.0
Santa Fe,San Martín,48.0,5177.0,53.0,7148.0,25.0,5857.0,4.0,49117.0
Santa Fe,Las Colonias,110.0,8519.0,107.0,11728.0,52.0,10201.0,9.0,84282.0
Santa Fe,San Justo,45.0,3766.0,50.0,5112.0,22.0,4294.0,6.0,33314.0
Santa Fe,Rosario,374.0,97904.0,342.0,136909.0,298.0,111326.0,116.0,991819.0
Santa Fe,Iriondo,41.0,5742.0,50.0,7768.0,29.0,6189.0,7.0,53937.0
Santa Fe,San Cristóbal,111.0,5906.0,112.0,8274.0,54.0,6990.0,8.0,51423.0
Santa Fe,Constitución,43.0,6793.0,45.0,9370.0,37.0,8501.0,5.0,68336.0
Santa Fe,San Javier,35.0,3076.0,40.0,4011.0,16.0,3004.0,3.0,23089.0
Santiago Del Estero,Avellaneda,30.0,2758.0,52.0,3527.0,27.0,3231.0,2.0,15946.0
Santiago Del Estero,San Martín,27.0,1183.0,36.0,1602.0,20.0,1480.0,1.0,6918.0
Santiago Del Estero,Rivadavia,12.0,487.0,16.0,649.0,5.0,539.0,1.0,3639.0
Santiago Del Estero,Sarmiento,10.0,533.0,17.0,722.0,9.0,624.0,0.0,3155.0
Santiago Del Estero,Silípica,14.0,861.0,16.0,1173.0,14.0,1076.0,0.0,6656.0
Santiago Del Estero,Atamisqui,26.0,1520.0,26.0,2168.0,14.0,1880.0,2.0,9326.0
Santiago Del Estero,General Taboada,44.0,4772.0,52.0,6042.0,16.0,5394.0,2.0,30096.0
Santiago Del Estero,Capital,150.0,26352.0,113.0,37231.0,103.0,30377.0,30.0,234864.0
Santiago Del Estero,Moreno,46.0,4608.0,72.0,5635.0,27.0,5178.0,3.0,24931.0
Santiago Del Estero,Banda,121.0,16118.0,105.0,21600.0,72.0,17110.0,8.0,115573.0
Santiago Del Estero,Salavina,28.0,1294.0,38.0,1746.0,20.0,1654.0,1.0,8081.0
Santiago Del Estero,Pellegrini,51.0,2632.0,72.0,3634.0,41.0,2937.0,1.0,16990.0
Santiago Del Estero,Robles,46.0,5435.0,38.0,7173.0,28.0,5982.0,4.0,35289.0
Santiago Del Estero,Loreto,53.0,2243.0,47.0,3051.0,31.0,2561.0,3.0,16192.0
Santiago Del Estero,Figueroa,54.0,2127.0,70.0,2803.0,34.0,2471.0,1.0,12845.0
Santiago Del Estero,Belgrano,7.0,1033.0,12.0,1293.0,5.0,1074.0,1.0,7409.0
Santiago Del Estero,Aguirre,10.0,804.0,13.0,1064.0,6.0,941.0,1.0,6150.0
Santiago Del Estero,Copo,33.0,3908.0,79.0,4966.0,21.0,4367.0,3.0,22412.0
Santiago Del Estero,Ojo de Agua,29.0,1392.0,45.0,1714.0,10.0,1633.0,1.0,10269.0
Santiago Del Estero,Quebrachos,27.0,1286.0,43.0,1585.0,16.0,1324.0,1.0,8141.0
Santiago Del Estero,Juan Felipe Ibarra,31.0,2152.0,49.0,3004.0,18.0,2585.0,2.0,12826.0
Santiago Del Estero,Guasayán,18.0,900.0,23.0,1095.0,16.0,941.0,1.0,6315.0
Santiago Del Estero,Choya,40.0,3746.0,48.0,5276.0,34.0,4520.0,5.0,30150.0
Santiago Del Estero,Mitre,5.0,112.0,10.0,143.0,4.0,160.0,0.0,1025.0
Santiago Del Estero,Río Hondo,69.0,6377.0,68.0,8569.0,48.0,6856.0,2.0,44835.0
Santiago Del Estero,Jiménez,27.0,1847.0,39.0,2376.0,33.0,2055.0,1.0,12344.0
Santiago Del Estero,Alberdi,36.0,2298.0,58.0,2854.0,24.0,2369.0,1.0,12583.0
Tierra Del Fuego,Río Grande,28.0,8087.0,33.0,11816.0,27.0,9779.0,11.0,69240.0
Tierra Del Fuego,Ushuaia,28.0,6135.0,30.0,8898.0,26.0,7210.0,7.0,57766.0
Tierra Del Fuego,Tolhuin,0.0,581.0,0.0,832.0,0.0,662.0,0.0,3952.0
Tucuman,Famaillá,25.0,4239.0,23.0,5489.0,18.0,4607.0,5.0,28334.0
Tucuman,Chicligasta,47.0,7651.0,41.0,10719.0,33.0,8977.0,8.0,64961.0
Tucuman,La Cocha,17.0,1894.0,18.0,2557.0,15.0,2282.0,1.0,14463.0
Tucuman,Tafí Viejo,61.0,15052.0,49.0,21744.0,42.0,17829.0,3.0,118252.0
Tucuman,Río Chico,30.0,5525.0,30.0,7740.0,30.0,6483.0,2.0,45179.0
Tucuman,Monteros,43.0,6523.0,40.0,9280.0,28.0,7910.0,8.0,53756.0
Tucuman,Juan Bautista Alberdi,19.0,2908.0,19.0,4124.0,15.0,3462.0,1.0,24251.0
Tucuman,Tafí del Valle,25.0,1828.0,24.0,2606.0,16.0,2135.0,4.0,15813.0
Tucuman,Cruz Alta,94.0,21071.0,76.0,29374.0,58.0,23883.0,10.0,153360.0
Tucuman,Simoca,52.0,3132.0,52.0,4427.0,34.0,3591.0,3.0,25796.0
Tucuman,Graneros,30.0,1434.0,30.0,1880.0,24.0,1613.0,4.0,10612.0
Tucuman,Leales,73.0,5678.0,73.0,7892.0,55.0,6716.0,4.0,46066.0
Tucuman,Trancas,25.0,2185.0,25.0,2854.0,19.0,2478.0,4.0,15921.0
Tucuman,Capital,234.0,44089.0,138.0,60342.0,154.0,50598.0,61.0,432260.0
Tucuman,Lules,40.0,8542.0,32.0,12694.0,25.0,9951.0,2.0,62277.0
Tucuman,Burruyacú,57.0,4330.0,57.0,6034.0,45.0,4942.0,3.0,30153.0
Tucuman,Yerba Buena,37.0,8420.0,32.0,11860.0,30.0,10036.0,0.0,72273.0
