Provincia,Departamento,Cant_Expo_Mujeres,Cant_EE,Poblacion
Cordoba,Capital,1296.0,1327.0,1498060.0
Santa Fe,Rosario,1425.0,1130.0,1337958.0
Buenos Aires,La Matanza,864.0,1088.0,1837168.0
Buenos Aires,La Plata,233.0,756.0,756074.0
Entre Rios,Paraná,275.0,672.0,388716.0
Buenos Aires,General Pueyrredón,793.0,623.0,660569.0
Buenos Aires,Lomas de Zamora,329.0,618.0,685644.0
Santa Fe,La Capital,337.0,599.0,568259.0
Tucuman,Capital,286.0,587.0,587289.0
Salta,Capital,360.0,545.0,624003.0
Chaco,San Fernando,200.0,538.0,413764.0
Buenos Aires,Quilmes,414.0,530.0,631774.0
Rio Negro,General Roca,529.0,481.0,379627.0
Neuquen,Confluencia,541.0,465.0,467217.0
Cordoba,San Justo,288.0,457.0,228951.0
Buenos Aires,Almirante Brown,255.0,455.0,583209.0
Misiones,Capital,168.0,440.0,391498.0
Chaco,General Güemes,4.0,432.0,68429.0
Cordoba,Río Cuarto,268.0,429.0,277979.0
Buenos Aires,Moreno,207.0,417.0,575758.0
Buenos Aires,Lanús,400.0,405.0,460081.0
Santiago Del Estero,Capital,103.0,396.0,328824.0
Buenos Aires,Tigre,572.0,384.0,446291.0
Corrientes,Capital,113.0,383.0,437446.0
Buenos Aires,Merlo,92.0,380.0,581484.0
Mendoza,San Rafael,186.0,378.0,213204.0
Santa Fe,General Obligado,116.0,378.0,197533.0
Buenos Aires,Pilar,596.0,360.0,393614.0
Buenos Aires,Morón,338.0,356.0,329517.0
Buenos Aires,Avellaneda,522.0,354.0,366117.0
Buenos Aires,General San Martín,791.0,351.0,444503.0
San Luis,Juan Martín de Pueyrredón,217.0,347.0,260769.0
Buenos Aires,San Isidro,935.0,343.0,295978.0
Buenos Aires,Bahía Blanca,282.0,335.0,334505.0
Buenos Aires,Tres de Febrero,493.0,329.0,362319.0
Santa Fe,Castellanos,250.0,329.0,189464.0
Buenos Aires,Berazategui,193.0,328.0,358328.0
Jujuy,Dr. Manuel Belgrano,91.0,327.0,319469.0
Formosa,Patiño,7.0,324.0,81600.0
Buenos Aires,Vicente López,1122.0,318.0,280541.0
Buenos Aires,Florencio Varela,101.0,315.0,488103.0
Buenos Aires,San Miguel,99.0,310.0,327650.0
Santiago Del Estero,Banda,26.0,306.0,170401.0
Misiones,Guaraní,18.0,304.0,77075.0
Santa Fe,General López,288.0,299.0,200455.0
Formosa,Formosa,71.0,296.0,268572.0
Cordoba,Colón,175.0,295.0,294511.0
Misiones,Oberá,84.0,294.0,120703.0
Entre Rios,Gualeguaychú,101.0,290.0,125176.0
CABA,Comuna 13,716.0,285.0,262330.0
Santa Fe,San Cristóbal,27.0,285.0,72593.0
Salta,General José de San Martín,53.0,281.0,177448.0
Santa Fe,Las Colonias,155.0,278.0,114730.0
Entre Rios,Concordia,135.0,277.0,197603.0
Cordoba,Unión,102.0,264.0,113635.0
Misiones,Cainguás,43.0,260.0,59875.0
CABA,Comuna 1,2934.0,259.0,221001.0
Buenos Aires,Malvinas Argentinas,403.0,258.0,349401.0
Mendoza,Guaymallén,335.0,258.0,320871.0
CABA,Comuna 14,918.0,255.0,247252.0
Formosa,Pirané,11.0,254.0,72560.0
Entre Rios,Uruguay,76.0,251.0,115516.0
Buenos Aires,Escobar,317.0,250.0,256071.0
Mendoza,Capital,367.0,248.0,123715.0
La Rioja,Capital,135.0,241.0,210507.0
Cordoba,Punilla,129.0,241.0,219494.0
CABA,Comuna 4,702.0,240.0,227024.0
Tucuman,Cruz Alta,68.0,238.0,227688.0
CABA,Comuna 12,509.0,235.0,235364.0
Chubut,Escalante,241.0,229.0,214829.0
Salta,Rivadavia,0.0,229.0,38062.0
Rio Negro,Bariloche,141.0,228.0,161443.0
Buenos Aires,Esteban Echeverría,144.0,227.0,337880.0
Entre Rios,La Paz,29.0,226.0,75271.0
Cordoba,General San Martín,149.0,224.0,152397.0
Corrientes,Goya,28.0,221.0,106223.0
Buenos Aires,Olavarría,93.0,218.0,122011.0
Santa Fe,Vera,14.0,217.0,55463.0
Misiones,General Manuel Belgrano,9.0,217.0,45456.0
CABA,Comuna 11,367.0,216.0,201905.0
Cordoba,Marcos Juárez,116.0,215.0,107286.0
San Luis,General Pedernera,136.0,214.0,148671.0
Mendoza,Godoy Cruz,216.0,213.0,194557.0
Buenos Aires,Tandil,93.0,212.0,144678.0
CABA,Comuna 7,274.0,211.0,213262.0
CABA,Comuna 3,427.0,210.0,193537.0
San Juan,Capital,181.0,210.0,114849.0
Misiones,Iguazú,36.0,209.0,99838.0
Mendoza,Maipú,359.0,206.0,218887.0
Entre Rios,Villaguay,32.0,206.0,55284.0
Chaco,Libertador General San Martín,6.0,206.0,65304.0
Tucuman,Leales,14.0,205.0,66352.0
Misiones,San Ignacio,11.0,205.0,63194.0
Cordoba,Río Segundo,126.0,204.0,113311.0
Entre Rios,Nogoyá,21.0,204.0,42954.0
Buenos Aires,San Fernando,187.0,199.0,171099.0
Cordoba,Tercero Arriba,110.0,198.0,120207.0
Cordoba,Cruz del Eje,15.0,198.0,64748.0
Cordoba,Santa María,105.0,197.0,139012.0
Buenos Aires,San Nicolás,59.0,197.0,166657.0
Salta,Orán,63.0,193.0,159715.0
Chubut,Rawson,133.0,189.0,144420.0
Buenos Aires,José C. Paz,32.0,189.0,326527.0
Formosa,Pilcomayo,14.0,189.0,94116.0
CABA,Comuna 9,395.0,187.0,167908.0
Santiago Del Estero,Río Hondo,1.0,187.0,66637.0
CABA,Comuna 10,240.0,185.0,171896.0
CABA,Comuna 8,226.0,184.0,203888.0
Buenos Aires,Pergamino,164.0,184.0,114988.0
Mendoza,San Martín,134.0,180.0,139406.0
Entre Rios,Federación,50.0,179.0,78264.0
Cordoba,Río Primero,58.0,178.0,58181.0
Mendoza,Las Heras,94.0,177.0,233839.0
Misiones,Eldorado,40.0,177.0,91133.0
Santa Fe,San Lorenzo,243.0,173.0,193786.0
Misiones,Leandro N. Alem,28.0,173.0,49391.0
Buenos Aires,Ituzaingó,114.0,172.0,177983.0
Misiones,San Pedro,0.0,171.0,34690.0
CABA,Comuna 15,685.0,169.0,195265.0
Chaco,Comandante Fernández,24.0,169.0,101086.0
Buenos Aires,Luján,96.0,168.0,110111.0
CABA,Comuna 6,280.0,166.0,201764.0
Buenos Aires,Hurlingham,128.0,166.0,185361.0
Mendoza,Luján de Cuyo,421.0,165.0,171883.0
Misiones,Libertador General San Martín,27.0,165.0,52166.0
Santiago Del Estero,Pellegrini,2.0,165.0,26193.0
La Pampa,Capital,74.0,164.0,118504.0
Catamarca,Capital,108.0,162.0,186466.0
Tucuman,Burruyacú,9.0,162.0,45459.0
CABA,Comuna 5,312.0,161.0,192449.0
Buenos Aires,Ezeiza,144.0,161.0,198620.0
Cordoba,Calamuchita,29.0,161.0,75462.0
Buenos Aires,Campana,100.0,159.0,107976.0
Santa Fe,San Jerónimo,77.0,159.0,84617.0
Buenos Aires,Necochea,49.0,159.0,101483.0
Santa Fe,9 de Julio,24.0,159.0,30942.0
Santiago Del Estero,Figueroa,0.0,159.0,20246.0
Tucuman,Tafí Viejo,59.0,155.0,172877.0
Entre Rios,Diamante,30.0,155.0,52312.0
Buenos Aires,Zárate,112.0,154.0,131415.0
CABA,Comuna 2,564.0,153.0,160609.0
Buenos Aires,Junín,112.0,153.0,100964.0
Misiones,25 de Mayo,1.0,152.0,30877.0
Buenos Aires,Azul,33.0,150.0,75152.0
Salta,Anta,27.0,149.0,69442.0
Santiago Del Estero,Moreno,19.0,148.0,40352.0
Entre Rios,Colón,59.0,144.0,74890.0
Cordoba,Juárez Celman,149.0,143.0,68317.0
Tucuman,Simoca,3.0,141.0,36946.0
Entre Rios,Gualeguay,48.0,139.0,56796.0
Entre Rios,Victoria,23.0,136.0,40301.0
Santiago Del Estero,Copo,2.0,136.0,35653.0
Buenos Aires,Chivilcoy,54.0,135.0,70554.0
Cordoba,San Alberto,9.0,134.0,42029.0
Santiago Del Estero,Loreto,2.0,134.0,24047.0
Mendoza,Lavalle,28.0,133.0,47086.0
Cordoba,San Javier,18.0,133.0,62700.0
Formosa,Bermejo,0.0,133.0,15600.0
Corrientes,Santo Tomé,59.0,132.0,71922.0
Catamarca,Belén,12.0,132.0,30353.0
Buenos Aires,25 de Mayo,9.0,132.0,35411.0
Santa Cruz,Güer Aike,111.0,131.0,137309.0
Entre Rios,Federal,2.0,131.0,29436.0
Santa Fe,San Martín,76.0,130.0,67299.0
Santa Fe,Constitución,71.0,130.0,93000.0
Corrientes,Esquina,10.0,130.0,39168.0
Jujuy,San Pedro,15.0,129.0,88237.0
Tucuman,Chicligasta,14.0,129.0,92308.0
Jujuy,El Carmen,30.0,128.0,122259.0
Santa Fe,Iriondo,101.0,127.0,73636.0
Rio Negro,Adolfo Alsina,34.0,127.0,63845.0
Santiago Del Estero,Choya,0.0,127.0,43692.0
Buenos Aires,Trenque Lauquen,56.0,126.0,49128.0
Santa Cruz,Deseado,149.0,124.0,126266.0
Buenos Aires,Tres Arroyos,62.0,124.0,61889.0
Buenos Aires,Mercedes,58.0,123.0,71002.0
Santa Fe,San Justo,26.0,123.0,46486.0
Mendoza,General Alvear,35.0,122.0,52379.0
Chaco,Almirante Brown,8.0,121.0,37794.0
Buenos Aires,Lincoln,30.0,120.0,45191.0
Corrientes,Curuzú Cuatiá,20.0,120.0,51489.0
Tucuman,Monteros,31.0,119.0,77469.0
Santiago Del Estero,Alberdi,6.0,119.0,20104.0
Buenos Aires,General Rodríguez,79.0,118.0,142315.0
Buenos Aires,San Pedro,64.0,117.0,68353.0
Santiago Del Estero,Robles,9.0,116.0,53879.0
Buenos Aires,Coronel Suárez,34.0,115.0,41713.0
Chaco,Mayor Luis J. Fontana,24.0,115.0,59798.0
Santa Fe,Caseros,86.0,114.0,86261.0
Santiago Del Estero,General Taboada,2.0,114.0,46304.0
San Juan,Rawson,51.0,113.0,136582.0
Buenos Aires,9 de Julio,39.0,113.0,52366.0
Buenos Aires,Balcarce,67.0,111.0,48516.0
Santiago Del Estero,Avellaneda,2.0,111.0,25462.0
Formosa,Ramón Lista,0.0,110.0,17678.0
Entre Rios,Tala,10.0,109.0,31091.0
Buenos Aires,Chacabuco,53.0,108.0,52409.0
Buenos Aires,Cañuelas,58.0,106.0,70542.0
Buenos Aires,Bolívar,23.0,105.0,37194.0
Chaco,Quitilipi,1.0,105.0,32430.0
Buenos Aires,Lobos,28.0,104.0,41418.0
Misiones,Montecarlo,25.0,103.0,38620.0
San Luis,Ayacucho,9.0,103.0,23653.0
Chaco,Maipú,2.0,103.0,26354.0
San Juan,Jáchal,18.0,101.0,25269.0
Catamarca,La Paz,9.0,101.0,26341.0
Chubut,Biedma,115.0,100.0,102806.0
Santiago Del Estero,Jiménez,2.0,100.0,18622.0
Santiago Del Estero,Juan Felipe Ibarra,0.0,100.0,20567.0
Tucuman,Yerba Buena,94.0,99.0,102589.0
Tierra Del Fuego,Río Grande,71.0,99.0,98922.0
Tucuman,Lules,51.0,99.0,93464.0
Corrientes,San Luis del Palmar,0.0,99.0,21381.0
Buenos Aires,Chascomús,23.0,98.0,42191.0
Corrientes,Lavalle,2.0,98.0,40406.0
Misiones,Apóstoles,26.0,97.0,50503.0
Buenos Aires,Pehuajó,32.0,96.0,44594.0
Corrientes,Mercedes,25.0,96.0,49807.0
La Rioja,Chilecito,50.0,95.0,58681.0
Corrientes,Monte Caseros,21.0,95.0,45602.0
Catamarca,Santa María,8.0,95.0,26822.0
Buenos Aires,Saladillo,32.0,94.0,35423.0
Santa Fe,San Javier,11.0,94.0,33180.0
Cordoba,Ischilín,2.0,94.0,36023.0
Mendoza,San Carlos,106.0,93.0,39752.0
Chubut,Futaleufú,31.0,93.0,49965.0
Buenos Aires,San Andrés de Giles,20.0,93.0,26399.0
Jujuy,Humahuaca,0.0,93.0,20877.0
Buenos Aires,Villarino,53.0,92.0,32552.0
Buenos Aires,General Villegas,39.0,92.0,35055.0
San Luis,Junín,19.0,92.0,40289.0
Corrientes,Bella Vista,18.0,92.0,44369.0
San Juan,Rivadavia,15.0,92.0,101334.0
Catamarca,Tinogasta,7.0,92.0,25254.0
Tucuman,Río Chico,3.0,92.0,64927.0
Salta,Santa Victoria,0.0,92.0,9411.0
Mendoza,Tunuyán,136.0,91.0,59972.0
Tierra Del Fuego,Ushuaia,81.0,91.0,80009.0
Mendoza,Rivadavia,70.0,91.0,63589.0
Buenos Aires,Baradero,25.0,91.0,39223.0
Cordoba,Presidente Roque Sáenz Peña,34.0,89.0,37551.0
Buenos Aires,San Vicente,22.0,89.0,97929.0
Cordoba,General Roca,27.0,88.0,36064.0
Jujuy,Ledesma,15.0,88.0,94132.0
Cordoba,Tulumba,3.0,88.0,14092.0
Tucuman,Graneros,0.0,88.0,15539.0
Mendoza,Junín,38.0,87.0,46472.0
Corrientes,Paso de los Libres,27.0,87.0,56778.0
Buenos Aires,Berisso,17.0,87.0,100685.0
Misiones,San Javier,4.0,87.0,23080.0
Formosa,Pilagás,2.0,87.0,19089.0
Jujuy,Yavi,2.0,87.0,25831.0
Santiago Del Estero,Quebrachos,2.0,87.0,12336.0
Santiago Del Estero,Salavina,0.0,87.0,12775.0
Buenos Aires,Coronel de Marina Leonardo Rosales,13.0,86.0,65823.0
Buenos Aires,La Costa,39.0,85.0,100400.0
Salta,Rosario de la Frontera,31.0,85.0,33750.0
Corrientes,Ituzaingó,26.0,85.0,38767.0
Buenos Aires,Patagones,22.0,85.0,37499.0
Santiago Del Estero,Ojo de Agua,4.0,85.0,15008.0
Santiago Del Estero,San Martín,1.0,84.0,11183.0
La Rioja,Rosario Vera Peñaloza,0.0,84.0,15764.0
Salta,Rosario de Lerma,17.0,82.0,50961.0
Chaco,9 de Julio,8.0,82.0,30223.0
Chubut,Cushamen,15.0,81.0,28099.0
Chaco,Chacabuco,31.0,80.0,34493.0
Salta,Metán,26.0,80.0,48028.0
Salta,General Güemes,11.0,80.0,55746.0
Corrientes,General Paz,3.0,80.0,17016.0
Buenos Aires,Lobería,17.0,79.0,18106.0
Chaco,Bermejo,4.0,79.0,28060.0
La Pampa,Maracó,79.0,78.0,69067.0
Rio Negro,Avellaneda,38.0,78.0,41160.0
Buenos Aires,Las Flores,9.0,78.0,27136.0
Buenos Aires,Ayacucho,6.0,78.0,21757.0
Buenos Aires,General Alvarado,29.0,77.0,45307.0
Corrientes,Empedrado,4.0,77.0,17948.0
Cordoba,Río Seco,0.0,77.0,15275.0
Cordoba,Totoral,39.0,76.0,22473.0
Buenos Aires,Carlos Casares,20.0,76.0,22905.0
Chaco,O'Higgins,0.0,76.0,21544.0
Misiones,Candelaria,14.0,75.0,34945.0
Chaco,25 de Mayo,0.0,75.0,32606.0
Buenos Aires,Marcos Paz,32.0,74.0,64761.0
Buenos Aires,Magdalena,14.0,74.0,22653.0
Jujuy,Cochinoca,2.0,74.0,14998.0
Neuquen,Zapala,28.0,73.0,45540.0
Corrientes,Saladas,5.0,73.0,29126.0
Tucuman,Trancas,5.0,73.0,23438.0
Catamarca,Capayán,0.0,73.0,19471.0
San Juan,Sarmiento,45.0,72.0,27188.0
Mendoza,Malargüe,34.0,72.0,32596.0
San Juan,Caucete,28.0,72.0,44017.0
Buenos Aires,Navarro,10.0,72.0,19888.0
Chaco,12 de Octubre,10.0,72.0,23179.0
Corrientes,Concepción,10.0,72.0,26270.0
Tucuman,Famaillá,26.0,71.0,42669.0
Entre Rios,Feliciano,0.0,71.0,16717.0
San Luis,Libertador General San Martín,0.0,71.0,4691.0
Buenos Aires,Ensenada,36.0,70.0,63978.0
Buenos Aires,Bragado,25.0,70.0,46227.0
Buenos Aires,General Juan Madariaga,14.0,70.0,22566.0
Buenos Aires,Coronel Pringles,13.0,70.0,24110.0
Buenos Aires,Mar Chiquita,8.0,70.0,32973.0
Corrientes,San Roque,2.0,69.0,22682.0
Formosa,Laishi,0.0,69.0,19275.0
Tucuman,Tafí del Valle,0.0,69.0,22382.0
Santa Fe,Belgrano,113.0,68.0,48544.0
Buenos Aires,San Antonio de Areco,21.0,68.0,26695.0
Buenos Aires,Adolfo Alsina,3.0,68.0,17344.0
Santiago Del Estero,Atamisqui,0.0,68.0,14894.0
Buenos Aires,Salto,58.0,67.0,39257.0
San Juan,Pocito,51.0,67.0,72879.0
San Luis,Chacabuco,36.0,67.0,26522.0
Buenos Aires,Brandsen,18.0,67.0,32350.0
Buenos Aires,Rojas,56.0,66.0,25619.0
San Juan,Chimbas,47.0,66.0,103772.0
Buenos Aires,Coronel Dorrego,0.0,66.0,15795.0
Mendoza,Santa Rosa,37.0,65.0,19379.0
Entre Rios,Islas del Ibicuy,2.0,65.0,13984.0
La Rioja,General Juan Facundo Quiroga,0.0,65.0,4013.0
San Luis,Coronel Pringles,12.0,64.0,16044.0
San Juan,Valle Fértil,2.0,64.0,8425.0
Jujuy,Palpalá,17.0,63.0,65522.0
Neuquen,Lácar,33.0,62.0,39567.0
Buenos Aires,Arrecifes,28.0,62.0,32077.0
San Juan,25 de Mayo,15.0,62.0,20824.0
Buenos Aires,Roque Pérez,11.0,62.0,13901.0
Buenos Aires,Tornquist,6.0,62.0,14591.0
Buenos Aires,Presidente Perón,2.0,62.0,101994.0
Mendoza,Tupungato,128.0,61.0,41168.0
Buenos Aires,Exaltación de la Cruz,27.0,61.0,40036.0
Buenos Aires,Carmen de Areco,16.0,61.0,17345.0
Catamarca,Andalgalá,11.0,61.0,19545.0
Buenos Aires,Puán,6.0,61.0,16462.0
Buenos Aires,Carlos Tejedor,1.0,60.0,14007.0
San Luis,Belgrano,2.0,59.0,5575.0
Buenos Aires,Saavedra,17.0,58.0,21407.0
Buenos Aires,General Viamonte,5.0,58.0,22530.0
Corrientes,San Cosme,4.0,58.0,19679.0
Salta,Iruya,0.0,58.0,6116.0
Santiago Del Estero,Guasayán,0.0,58.0,9251.0
Buenos Aires,Guaminí,9.0,57.0,11662.0
Corrientes,San Martín,7.0,57.0,15164.0
Buenos Aires,Dolores,5.0,57.0,31405.0
Buenos Aires,Rauch,2.0,57.0,16491.0
La Rioja,General Belgrano,0.0,57.0,7615.0
Buenos Aires,Ramallo,42.0,56.0,39648.0
Buenos Aires,Monte,20.0,56.0,24616.0
Buenos Aires,Daireaux,11.0,56.0,18328.0
Santa Fe,Garay,7.0,56.0,24853.0
Catamarca,El Alto,2.0,56.0,4375.0
Cordoba,Minas,2.0,56.0,4855.0
La Rioja,Chamical,2.0,56.0,15630.0
Cordoba,Pocho,0.0,56.0,5070.0
Chaco,Sargento Cabral,0.0,55.0,18696.0
La Rioja,General San Martín,0.0,55.0,5017.0
Tucuman,Juan Bautista Alberdi,7.0,54.0,34745.0
Buenos Aires,General Alvear,4.0,54.0,10150.0
Chaco,Independencia,7.0,53.0,21948.0
Salta,Cerrillos,4.0,53.0,55713.0
Buenos Aires,Adolfo Gonzales Chaves,2.0,53.0,12847.0
Formosa,Matacos,0.0,53.0,17017.0
Entre Rios,San Salvador,34.0,52.0,20786.0
Buenos Aires,Rivadavia,17.0,52.0,19735.0
Buenos Aires,General Paz,2.0,52.0,14141.0
Chaco,San Lorenzo,0.0,52.0,16045.0
Buenos Aires,Colón,37.0,51.0,27406.0
Buenos Aires,General Las Heras,29.0,51.0,17980.0
Tucuman,La Cocha,12.0,51.0,21196.0
Buenos Aires,Tapalqué,3.0,51.0,10695.0
Salta,San Carlos,0.0,51.0,7779.0
San Juan,Calingasta,11.0,50.0,10667.0
Buenos Aires,General Belgrano,9.0,49.0,20674.0
Buenos Aires,General La Madrid,0.0,49.0,11535.0
Rio Negro,San Antonio,26.0,48.0,35473.0
Salta,Chicoana,8.0,48.0,24715.0
Catamarca,Pomán,7.0,48.0,12219.0
Neuquen,Huiliches,6.0,48.0,20853.0
La Rioja,General Ortiz de Ocampo,0.0,48.0,7347.0
Buenos Aires,Benito Juárez,14.0,47.0,21185.0
Catamarca,Valle Viejo,9.0,47.0,33951.0
San Luis,Gobernador Dupuy,17.0,46.0,14334.0
San Juan,Santa Lucía,42.0,45.0,62697.0
Buenos Aires,Leandro N. Alem,18.0,45.0,17153.0
Buenos Aires,Villa Gesell,9.0,45.0,37325.0
Catamarca,Santa Rosa,8.0,45.0,13317.0
Jujuy,Tilcara,0.0,45.0,14621.0
Rio Negro,25 de Mayo,8.0,44.0,16555.0
Buenos Aires,Laprida,2.0,44.0,11496.0
Chaco,Fray Justo Santa María de Oro,1.0,44.0,10643.0
Jujuy,Santa Bárbara,0.0,44.0,20497.0
Santiago Del Estero,Silípica,0.0,44.0,9766.0
Buenos Aires,General Arenales,13.0,43.0,16231.0
Corrientes,San Miguel,5.0,43.0,12700.0
Misiones,Concepción,2.0,43.0,10303.0
Buenos Aires,Suipacha,0.0,43.0,11736.0
La Rioja,General Felipe Varela,2.0,42.0,11371.0
Catamarca,Ancasti,0.0,42.0,3282.0
Neuquen,Pehuenches,52.0,41.0,29721.0
Buenos Aires,Pinamar,25.0,41.0,39224.0
Chaco,General Donovan,2.0,41.0,15061.0
Jujuy,Santa Catalina,0.0,41.0,2641.0
Buenos Aires,Alberti,20.0,40.0,12906.0
La Rioja,Arauco,17.0,40.0,16251.0
Corrientes,Sauce,3.0,40.0,10382.0
La Pampa,Utracán,4.0,39.0,17686.0
Salta,Cachi,2.0,39.0,8928.0
Buenos Aires,Punta Indio,0.0,38.0,12161.0
Buenos Aires,Capitán Sarmiento,18.0,37.0,15882.0
San Juan,Iglesia,16.0,37.0,8826.0
Buenos Aires,General Pinto,9.0,37.0,12842.0
Jujuy,Tumbaya,1.0,37.0,5298.0
Corrientes,Mburucuyá,0.0,37.0,11541.0
La Rioja,Ángel Vicente Peñaloza,0.0,37.0,3184.0
Salta,Molinos,10.0,36.0,5808.0
San Juan,Angaco,4.0,36.0,10172.0
Santiago Del Estero,Sarmiento,2.0,36.0,5034.0
Catamarca,Paclín,1.0,36.0,4696.0
La Rioja,Famatina,0.0,36.0,6984.0
Salta,Cafayate,35.0,35.0,17822.0
San Juan,Albardón,14.0,35.0,31281.0
Buenos Aires,Castelli,0.0,35.0,9551.0
Catamarca,Ambato,0.0,35.0,5087.0
Neuquen,Chos Malal,0.0,35.0,18289.0
La Pampa,Realicó,11.0,34.0,17356.0
Chaco,Libertad,10.0,34.0,13775.0
Neuquen,Aluminé,9.0,34.0,10173.0
Neuquen,Minas,2.0,34.0,9267.0
Santiago Del Estero,Rivadavia,2.0,34.0,5314.0
Corrientes,Itatí,0.0,34.0,11946.0
La Pampa,Conhelo,7.0,33.0,15094.0
Chaco,Presidencia de la Plaza,0.0,33.0,13938.0
Buenos Aires,Florentino Ameghino,11.0,32.0,10759.0
Chubut,Gaiman,9.0,32.0,12505.0
Buenos Aires,Maipú,8.0,32.0,11253.0
San Juan,San Martín,16.0,31.0,15037.0
Chaco,2 de Abril,8.0,31.0,8310.0
La Pampa,Rancul,5.0,31.0,11090.0
Jujuy,Rinconada,2.0,31.0,1797.0
Buenos Aires,Pila,0.0,31.0,4615.0
Mendoza,La Paz,6.0,30.0,12018.0
Santiago Del Estero,Aguirre,1.0,30.0,8959.0
Jujuy,Susques,11.0,29.0,3966.0
Catamarca,Fray Mamerto Esquiú,0.0,29.0,14624.0
Chubut,Río Senguer,0.0,29.0,6347.0
Neuquen,Ñorquín,0.0,29.0,5572.0
La Pampa,Chapaleufú,20.0,28.0,12277.0
Corrientes,General Alvear,4.0,28.0,9051.0
Cordoba,Sobremonte,2.0,28.0,4381.0
Chaco,1° de Mayo,0.0,28.0,14194.0
Rio Negro,Pilcaniyeu,0.0,28.0,9309.0
Santa Cruz,Lago Argentino,21.0,27.0,25384.0
Neuquen,Los Lagos,6.0,27.0,15502.0
La Rioja,Independencia,0.0,27.0,2399.0
Neuquen,Añelo,36.0,26.0,18150.0
Rio Negro,Pichi Mahuida,8.0,26.0,16493.0
Buenos Aires,General Lavalle,4.0,26.0,4846.0
Chubut,Sarmiento,4.0,26.0,14477.0
Buenos Aires,Tres Lomas,1.0,26.0,9090.0
Salta,La Caldera,0.0,26.0,12246.0
Santiago Del Estero,Belgrano,17.0,25.0,10809.0
La Pampa,Atreucó,8.0,25.0,11053.0
Chaco,General Belgrano,3.0,25.0,12807.0
Buenos Aires,San Cayetano,2.0,25.0,8918.0
Buenos Aires,General Guido,1.0,25.0,3157.0
Buenos Aires,Hipólito Yrigoyen,0.0,25.0,10581.0
Rio Negro,El Cuy,6.0,24.0,6960.0
Rio Negro,9 de Julio,1.0,24.0,3682.0
Salta,Los Andes,15.0,23.0,7182.0
La Pampa,Puelén,5.0,23.0,11636.0
Chaco,Tapenagá,1.0,23.0,4051.0
La Pampa,Loventué,0.0,23.0,9243.0
Neuquen,Catán Lil,0.0,23.0,2641.0
Neuquen,Picunches,0.0,23.0,8471.0
Rio Negro,Conesa,0.0,23.0,7398.0
Buenos Aires,Pellegrini,2.0,22.0,7112.0
Buenos Aires,Lezama,5.0,21.0,6170.0
Buenos Aires,Salliqueló,3.0,21.0,9344.0
Salta,La Viña,3.0,21.0,8888.0
Jujuy,Valle Grande,2.0,21.0,2490.0
Salta,Guachipas,0.0,21.0,3491.0
La Pampa,Guatraché,2.0,20.0,9397.0
Neuquen,Loncopué,0.0,20.0,7696.0
La Rioja,Castro Barros,11.0,19.0,5810.0
Santa Cruz,Corpen Aike,6.0,19.0,15035.0
Rio Negro,Ñorquinco,1.0,19.0,1452.0
La Pampa,Toay,0.0,19.0,17927.0
La Rioja,Vinchina,0.0,19.0,2695.0
Rio Negro,Valcheta,0.0,19.0,4300.0
Salta,La Poma,0.0,19.0,1789.0
Santiago Del Estero,Mitre,0.0,19.0,1440.0
La Pampa,Quemú Quemú,6.0,18.0,8404.0
La Rioja,San Blas de Los Sauces,2.0,18.0,4306.0
Chubut,Languiñeo,0.0,17.0,2862.0
Salta,La Candelaria,0.0,17.0,7182.0
La Pampa,Hucal,9.0,16.0,7713.0
Buenos Aires,Monte Hermoso,0.0,16.0,8444.0
Santa Cruz,Lago Buenos Aires,25.0,15.0,12584.0
La Pampa,Catriló,23.0,15.0,8225.0
Chubut,Tehuelches,8.0,15.0,5947.0
Chubut,Gastre,0.0,15.0,1181.0
Neuquen,Collón Curá,4.0,14.0,4832.0
Jujuy,San Antonio,0.0,14.0,6729.0
Neuquen,Picún Leufú,0.0,14.0,5087.0
San Juan,9 de Julio,18.0,13.0,12498.0
Santa Cruz,Magallanes,31.0,12.0,12828.0
Corrientes,Berón de Astrada,6.0,12.0,2808.0
Catamarca,Antofagasta de la Sierra,5.0,12.0,1822.0
La Pampa,Trenel,4.0,12.0,5637.0
Buenos Aires,Tordillo,0.0,12.0,2528.0
Santa Cruz,Río Chico,3.0,11.0,6271.0
Chubut,Telsen,0.0,11.0,1608.0
Chubut,Paso de Indios,1.0,9.0,1882.0
La Pampa,Chical Co,0.0,8.0,1461.0
San Juan,Ullum,0.0,8.0,6454.0
San Juan,Zonda,2.0,7.0,6674.0
La Rioja,General Lamadrid,0.0,7.0,1885.0
La Pampa,Curacó,6.0,6.0,1103.0
La Pampa,Caleu Caleu,5.0,6.0,2611.0
La Pampa,Chalileo,0.0,6.0,2868.0
La Pampa,Limay Mahuida,0.0,5.0,413.0
Chubut,Florentino Ameghino,2.0,4.0,1782.0
Chubut,Mártires,0.0,4.0,744.0
La Pampa,Lihuel Calel,0.0,3.0,428.0
La Rioja,Sanagasta,0.0,3.0,2994.0
Tierra Del Fuego,Tolhuin,6.0,0.0,6027.0
